Iteration,LocalBest
0,51337
1,40228
2,33609
3,30942
4,31661
5,29539
6,29479
7,28149
8,28466
9,27179
10,27508
11,26572
12,26756
13,25069
14,26130
15,26241
16,23773
17,24747
18,24169
19,23665
20,23738
21,22962
22,24473
23,25033
24,24268
25,23793
26,23041
27,20893
28,22533
29,23500
30,23261
31,21998
32,23435
33,23035
34,23179
35,21527
36,22171
37,20568
38,22485
39,22818
40,22070
41,22448
42,21915
43,21506
44,22398
45,19547
46,21829
47,21905
48,20849
49,20168
50,20188
51,22128
52,21681
53,19302
54,20309
55,19550
56,20674
57,19254
58,19547
59,20421
60,20729
61,19809
62,20627
63,20873
64,20240
65,19753
66,20363
67,19138
68,20010
69,19840
70,19303
71,20610
72,19940
73,19124
74,19834
75,19275
76,19576
77,19138
78,20119
79,19033
80,20071
81,19648
82,19522
83,19345
84,19355
85,20116
86,20221
87,19096
88,19865
89,19538
90,20103
91,19188
92,19474
93,18794
94,19966
95,18774
96,19164
97,19477
98,19662
99,19176
100,18521
101,18413
102,17393
103,19013
104,18428
105,19639
106,17243
107,17879
108,17176
109,19240
110,18383
111,18963
112,18770
113,18866
114,19477
115,18432
116,18289
117,17916
118,18376
119,17870
120,17926
121,17901
122,18558
123,17661
124,17594
125,17417
126,18055
127,19272
128,18569
129,19005
130,18224
131,19765
132,18515
133,17897
134,17711
135,18355
136,17839
137,17333
138,18427
139,17553
140,18806
141,18824
142,17825
143,17140
144,18655
145,17799
146,18907
147,18151
148,18331
149,18344
150,18200
151,18885
152,18432
153,18078
154,17237
155,18127
156,18352
157,17403
158,18016
159,16748
160,17666
161,17882
162,17837
163,18479
164,18079
165,17527
166,18475
167,17996
168,19119
169,18153
170,17787
171,17334
172,17368
173,17838
174,18300
175,17476
176,17397
177,17050
178,18072
179,17952
180,16802
181,17438
182,18400
183,17154
184,17873
185,18638
186,17088
187,17423
188,17705
189,17901
190,17432
191,18569
192,16528
193,18392
194,17563
195,17451
196,17900
197,17678
198,17650
199,17302
200,18618
201,16937
202,16304
203,16223
204,17845
205,17548
206,17299
207,17787
208,16982
209,17441
210,17347
211,17888
212,17124
213,16242
214,16706
215,17056
216,17302
217,17738
218,17016
219,17995
220,17390
221,16185
222,18128
223,17942
224,18194
225,16942
226,16893
227,17151
228,16312
229,17648
230,17810
231,17428
232,16651
233,16290
234,16917
235,17044
236,17297
237,18046
238,17895
239,17899
240,17372
241,17154
242,16519
243,17756
244,16616
245,17067
246,16443
247,15720
248,17412
249,16959
250,16988
251,18961
252,17804
253,17288
254,17783
255,17115
256,17683
257,16633
258,17936
259,16321
260,17582
261,17336
262,17737
263,17068
264,17538
265,17452
266,16786
267,17088
268,16397
269,16912
270,17368
271,17519
272,17072
273,17301
274,16057
275,17304
276,17356
277,17334
278,17582
279,17346
280,18409
281,16388
282,17090
283,16685
284,16681
285,16767
286,16794
287,16328
288,16914
289,16235
290,18092
291,15955
292,18179
293,17735
294,17341
295,17480
296,17158
297,17909
298,18511
299,16660
300,16600
301,17508
302,17611
303,16369
304,17444
305,16198
306,17587
307,16566
308,16455
309,17759
310,17194
311,17866
312,16199
313,17599
314,16820
315,17924
316,16761
317,17173
318,16398
319,16498
320,17223
321,17116
322,15686
323,17198
324,15975
325,16118
326,18047
327,17078
328,17033
329,17119
330,16705
331,16361
332,16511
333,17846
334,17431
335,17110
336,16318
337,17198
338,16963
339,16530
340,15872
341,15941
342,17039
343,17697
344,17201
345,17809
346,17811
347,16156
348,16656
349,16362
350,17755
351,16981
352,17047
353,17945
354,16973
355,16727
356,17385
357,18103
358,16911
359,17799
360,17438
361,18290
362,16290
363,16180
364,16403
365,16700
366,17229
367,16414
368,17745
369,16332
370,17213
371,17436
372,16456
373,17080
374,16760
375,17741
376,17274
377,16333
378,17412
379,16938
380,17056
381,16944
382,17407
383,16136
384,17363
385,16902
386,17362
387,17300
388,17470
389,17161
390,16606
391,17232
392,18020
393,16330
394,16496
395,16611
396,16102
397,15961
398,16843
399,16084
400,16265
401,16419
402,16770
403,15937
404,18522
405,17574
406,16580
407,16497
408,16611
409,16861
410,15868
411,16824
412,16386
413,18101
414,17274
415,17422
416,16758
417,17812
418,17067
419,16684
420,17140
421,17387
422,15745
423,17277
424,16600
425,17127
426,15797
427,16270
428,15953
429,16852
430,16219
431,16726
432,16751
433,17517
434,17085
435,17402
436,17539
437,17856
438,16956
439,17554
440,16162
441,17308
442,16964
443,18009
444,16694
445,16186
446,18196
447,16465
448,17511
449,17053
450,16682
451,16980
452,17993
453,17843
454,16427
455,16524
456,17135
457,17300
458,17759
459,16661
460,16977
461,17381
462,18210
463,17419
464,16554
465,17253
466,16962
467,16809
468,16528
469,15473
470,16286
471,16542
472,16763
473,16132
474,16002
475,17705
476,17772
477,17006
478,16772
479,16737
480,17350
481,16814
482,17154
483,17027
484,16187
485,17115
486,17012
487,16817
488,16517
489,16602
490,17066
491,17027
492,16226
493,16573
494,16683
495,16097
496,16227
497,16910
498,17343
499,16994
Iteration,LocalBest
0,47379
1,35706
2,32515
3,31978
4,29930
5,28571
6,27345
7,25404
8,25768
9,26805
10,28148
11,24430
12,23783
13,24663
14,22988
15,23442
16,24218
17,22057
18,21911
19,22869
20,24218
21,22786
22,21626
23,23480
24,23224
25,22086
26,20595
27,22017
28,21592
29,23000
30,22628
31,21799
32,21055
33,20607
34,20881
35,20765
36,20675
37,21370
38,21924
39,21165
40,21363
41,20342
42,21391
43,19013
44,20949
45,19983
46,20729
47,21049
48,21021
49,19766
50,20166
51,20529
52,20893
53,21136
54,21170
55,19700
56,19189
57,21080
58,19960
59,19706
60,20649
61,18768
62,19160
63,18487
64,19299
65,18499
66,20121
67,18826
68,21258
69,19875
70,18641
71,18619
72,20891
73,18530
74,19703
75,18765
76,19768
77,19519
78,19439
79,19721
80,17992
81,19522
82,19278
83,17027
84,19302
85,18584
86,18721
87,18340
88,19101
89,18944
90,19653
91,20165
92,18910
93,18621
94,18977
95,18462
96,19623
97,17201
98,18674
99,18746
100,19431
101,17999
102,18271
103,17824
104,19151
105,18042
106,17539
107,19239
108,18579
109,19095
110,18436
111,18464
112,19404
113,18144
114,18961
115,18913
116,18771
117,19577
118,18286
119,18390
120,17995
121,18806
122,18087
123,17619
124,17614
125,18551
126,18548
127,17879
128,18890
129,18803
130,17805
131,17173
132,17953
133,18392
134,18457
135,18422
136,18670
137,17349
138,19113
139,18174
140,18441
141,18654
142,18114
143,19265
144,19106
145,16984
146,17576
147,18036
148,17309
149,18617
150,17800
151,18182
152,18072
153,16658
154,18366
155,17635
156,18654
157,18524
158,18397
159,19295
160,17877
161,17656
162,17218
163,18067
164,18642
165,18574
166,16871
167,17955
168,19873
169,18559
170,18174
171,18488
172,17256
173,18107
174,18442
175,17763
176,18275
177,18163
178,17372
179,17913
180,18215
181,19355
182,18585
183,16670
184,18210
185,17912
186,18153
187,17227
188,18007
189,16695
190,17691
191,18026
192,17117
193,16931
194,17576
195,17217
196,18543
197,17598
198,18454
199,17534
200,18541
201,18235
202,17518
203,18328
204,18547
205,17773
206,17671
207,18380
208,17440
209,17833
210,17635
211,16825
212,18163
213,17659
214,18528
215,17617
216,17933
217,18682
218,17704
219,18570
220,18105
221,17441
222,17987
223,16596
224,18366
225,17733
226,17303
227,17847
228,18015
229,17096
230,16701
231,17034
232,17791
233,17099
234,16782
235,16863
236,15648
237,18467
238,18483
239,17957
240,16949
241,17266
242,17247
243,19413
244,17693
245,17828
246,17415
247,17705
248,17582
249,18069
250,17751
251,18274
252,17974
253,18320
254,16791
255,16793
256,18100
257,17900
258,17788
259,18143
260,17941
261,16648
262,17537
263,17674
264,17801
265,17391
266,18105
267,17782
268,18320
269,16567
270,17178
271,18395
272,16448
273,16953
274,16269
275,17490
276,17898
277,17987
278,17044
279,16779
280,18191
281,17001
282,17919
283,17326
284,18376
285,17286
286,16450
287,17046
288,16756
289,17083
290,18122
291,17269
292,18166
293,17809
294,16263
295,18364
296,17475
297,17837
298,18358
299,16799
300,17674
301,17602
302,16925
303,17338
304,17915
305,17570
306,17894
307,16627
308,17760
309,17366
310,17315
311,17682
312,17119
313,17010
314,17128
315,17163
316,18301
317,16983
318,16493
319,16977
320,17388
321,16628
322,16649
323,17907
324,16591
325,17693
326,16632
327,16626
328,16999
329,17392
330,18014
331,17629
332,16575
333,17143
334,17797
335,17124
336,16392
337,17693
338,16957
339,18004
340,17139
341,17916
342,17887
343,17739
344,17170
345,16895
346,17196
347,16576
348,16893
349,17100
350,16967
351,17979
352,16858
353,16163
354,17446
355,17548
356,17646
357,17052
358,15883
359,16608
360,16979
361,16962
362,15907
363,17588
364,15344
365,17017
366,17630
367,16693
368,15931
369,17251
370,16388
371,16750
372,16576
373,18116
374,17022
375,17685
376,17033
377,17300
378,17876
379,17779
380,16621
381,17079
382,16459
383,16853
384,18452
385,18070
386,17828
387,17037
388,17912
389,15896
390,17120
391,16617
392,16609
393,16440
394,16776
395,16036
396,18474
397,16529
398,18308
399,17225
400,16693
401,16200
402,16526
403,17446
404,16404
405,16662
406,16645
407,16612
408,16107
409,17926
410,17883
411,18540
412,17594
413,17221
414,18050
415,17240
416,17110
417,17800
418,17698
419,17205
420,17342
421,17143
422,17289
423,16182
424,17797
425,17969
426,15841
427,17215
428,16839
429,16267
430,15824
431,17642
432,16843
433,17929
434,17071
435,17562
436,17223
437,17131
438,17303
439,18092
440,16111
441,16615
442,17154
443,16130
444,17762
445,17565
446,16298
447,17782
448,15865
449,17692
450,16249
451,17896
452,17120
453,16300
454,16871
455,16827
456,17146
457,17382
458,16196
459,17491
460,17592
461,17130
462,17256
463,15784
464,16772
465,15688
466,16340
467,17337
468,16061
469,17181
470,16499
471,16531
472,17868
473,16464
474,15575
475,17017
476,15961
477,16658
478,17493
479,15047
480,17300
481,15717
482,16540
483,17046
484,15939
485,16239
486,16472
487,18054
488,15493
489,16926
490,16149
491,15440
492,15758
493,16272
494,17303
495,17682
496,16594
497,15249
498,17440
499,16490
Iteration,LocalBest
0,46551
1,38073
2,30581
3,28502
4,27678
5,27873
6,26761
7,27798
8,26495
9,27310
10,23723
11,24493
12,24656
13,24745
14,24590
15,24033
16,25230
17,24801
18,22981
19,22714
20,22825
21,23907
22,23718
23,21538
24,22336
25,22702
26,22618
27,21827
28,21389
29,20944
30,21924
31,19843
32,21369
33,22143
34,21359
35,20506
36,21024
37,20638
38,20127
39,20664
40,20592
41,21471
42,21729
43,20607
44,18227
45,21342
46,21416
47,18974
48,18805
49,20426
50,20367
51,21074
52,19366
53,20416
54,18316
55,20424
56,19600
57,20658
58,19380
59,19792
60,19495
61,18987
62,19479
63,18379
64,19773
65,20278
66,19900
67,20554
68,20095
69,19969
70,19535
71,19837
72,18140
73,20203
74,18366
75,18930
76,19187
77,18719
78,19769
79,18251
80,20453
81,19988
82,19904
83,19415
84,19993
85,18940
86,18300
87,18975
88,18345
89,17684
90,19839
91,20242
92,18938
93,19559
94,19400
95,18710
96,18948
97,19023
98,19703
99,19414
100,18916
101,19885
102,19809
103,18730
104,19426
105,18830
106,18647
107,18980
108,16862
109,18980
110,19175
111,19265
112,18051
113,18756
114,19204
115,18771
116,18025
117,18083
118,18231
119,20454
120,18195
121,18513
122,19730
123,17258
124,18843
125,18595
126,19196
127,18123
128,20178
129,19831
130,19716
131,17552
132,18764
133,19551
134,19293
135,18209
136,18080
137,18910
138,19143
139,17459
140,18801
141,19519
142,17821
143,17411
144,19401
145,19045
146,18714
147,18861
148,18200
149,18339
150,19388
151,18715
152,17549
153,19111
154,17819
155,17247
156,17968
157,18532
158,18102
159,18320
Iteration,LocalBest
0,57661
1,57042
2,56558
3,55118
4,56370
5,54942
6,58128
7,55414
8,54943
9,56181
Iteration,LocalBest
0,50220
1,42400
2,37798
3,34499
4,34456
5,32493
6,30543
7,32052
8,33380
9,32129
Iteration,LocalBest
0,45465
1,32559
2,28951
3,26997
4,25740
5,22013
6,24643
7,23575
8,22585
9,22618
Iteration,LocalBest
0,46843
1,32105
2,28208
3,25412
4,24198
5,24077
6,23477
7,22161
8,21290
9,21531
Iteration,LocalBest
0,42614
1,33334
2,28111
3,25397
4,23854
5,22561
6,21892
7,21499
8,20391
9,20351
Iteration,LocalBest
0,44647
1,31538
2,26937
3,24821
4,22858
5,21384
6,20501
7,20956
8,20101
9,19812
Iteration,LocalBest
0,56198
1,56198
2,56169
3,56805
4,57488
5,55720
6,57643
7,55419
8,58155
9,53986
10,55226
11,54710
12,53004
13,54074
14,52706
15,50359
16,55007
17,52321
18,54775
19,53272
20,53884
21,53403
22,50720
23,45812
24,49243
25,47935
26,48611
27,57771
28,45284
29,50702
30,50035
31,47705
32,44338
33,46394
34,49481
35,45544
36,45255
37,47122
38,44980
39,51808
40,47041
41,40101
42,40344
43,40620
44,39350
45,51141
46,43526
47,42969
48,49334
49,42620
Iteration,LocalBest
0,47334
1,40517
2,40692
3,35324
4,34765
5,33900
6,34206
7,32988
8,32394
9,32203
10,32807
11,31788
12,30429
13,29406
14,28652
15,31113
16,29644
17,28125
18,29061
19,27332
20,29353
21,28896
22,28129
23,25831
24,27360
25,24853
26,26157
27,26102
28,25446
29,23484
30,24090
31,26043
32,24455
33,26843
34,25412
35,25678
36,22690
37,24424
38,25127
39,24473
40,24369
41,22992
42,25731
43,23936
44,24012
45,22882
46,22866
47,20432
48,22328
49,23350
Iteration,LocalBest
0,47998
1,34765
2,29674
3,26781
4,24527
5,24291
6,24368
7,21250
8,22240
9,21890
10,20565
11,22493
12,21239
13,22085
14,22314
15,21420
16,18603
17,20059
18,21037
19,20057
20,20295
21,20403
22,20691
23,20771
24,20395
25,20416
26,20225
27,20296
28,18613
29,20346
30,18608
31,19356
32,19023
33,19107
34,19412
35,19901
36,18547
37,17877
38,18924
39,18412
40,19214
41,18487
42,19698
43,19399
44,18812
45,18496
46,18473
47,18721
48,19956
49,18912
Iteration,LocalBest
0,46240
1,34482
2,26585
3,24873
4,23525
5,23062
6,22052
7,22552
8,21165
9,21510
10,21033
11,20731
12,20934
13,20566
14,20766
15,20918
16,19010
17,19396
18,19680
19,20750
20,19479
21,18399
22,19381
23,18995
24,19192
25,18879
26,18871
27,18108
28,18337
29,19262
30,19118
31,18510
32,18449
33,17009
34,19227
35,17884
36,18400
37,18942
38,18960
39,18532
40,18513
41,17750
42,17097
43,18393
44,17536
45,17778
46,17281
47,18407
48,17932
49,18388
Iteration,LocalBest
0,46185
1,33793
2,28023
3,24974
4,22815
5,21036
6,21524
7,21818
8,21439
9,20631
10,20160
11,19592
12,19402
13,19505
14,19257
15,19831
16,19024
17,19617
18,18456
19,18022
20,17789
21,18978
22,17345
23,18520
24,18245
25,19073
26,18314
27,18524
28,16567
29,17874
30,17891
31,18126
32,17935
33,16804
34,17822
35,17279
36,17807
37,17322
38,17913
39,17215
40,17398
41,18766
42,17447
43,17664
44,18097
45,17153
46,16962
47,17638
48,17503
49,17783
Iteration,LocalBest
0,46238
1,33287
2,28007
3,23808
4,24078
5,21836
6,22379
7,21149
8,20613
9,21160
10,20563
11,19108
12,20230
13,19158
14,18535
15,19159
16,18710
17,18137
18,19072
19,18722
20,17743
21,18295
22,17999
23,18226
24,18615
25,17569
26,18535
27,17863
28,17928
29,18305
30,18038
31,18219
32,18002
33,17346
34,18455
35,18163
36,16544
37,17508
38,17688
39,18615
40,17814
41,17246
42,17312
43,17589
44,17866
45,16822
46,17555
47,18126
48,17069
49,16978
Iteration,LocalBest
0,59196
1,58974
2,60109
3,59077
4,57607
5,58092
6,57607
7,58974
8,58811
9,60109
10,57060
11,57098
12,57557
13,57431
14,53362
15,55923
16,55033
17,56295
18,52829
19,54734
20,51580
21,54088
22,55034
23,55569
24,52954
25,57669
26,52484
27,51253
28,57161
29,48384
30,50390
31,47810
32,50971
33,49952
34,51961
35,49851
36,49385
37,51542
38,48776
39,54558
40,49605
41,54820
42,50142
43,49172
44,54832
45,51203
46,47785
47,49557
48,51449
49,41066
50,51009
51,46561
52,47047
53,50441
54,46729
55,52654
56,40039
57,46965
58,49679
59,48087
60,43165
61,42748
62,45557
63,42891
64,43159
65,47495
66,42080
67,40877
68,40763
69,40194
70,44860
71,45423
72,42195
73,38095
74,41693
75,40795
76,38978
77,42006
78,39851
79,41855
80,38542
81,37437
82,42281
83,35187
84,37955
85,39017
86,40077
87,41292
88,39440
89,40486
90,41307
91,37158
92,38131
93,42227
94,39439
95,42885
96,41244
97,38962
98,41274
99,34985
Iteration,LocalBest
0,48923
1,40783
2,40510
3,35561
4,33356
5,35331
6,34746
7,31162
8,31492
9,32498
10,30616
11,29621
12,28449
13,27627
14,29331
15,26313
16,29446
17,27815
18,27203
19,25550
20,26623
21,29636
22,24275
23,26854
24,26321
25,25155
26,26244
27,28548
28,26088
29,24249
30,26135
31,26005
32,26579
33,26405
34,23480
35,24419
36,24596
37,26516
38,23339
39,25279
40,24335
41,23876
42,25328
43,24835
44,23068
45,22746
46,23143
47,24845
48,24546
49,22845
50,22283
51,21439
52,23032
53,23217
54,23795
55,21549
56,20272
57,23332
58,22278
59,23799
60,23159
61,21531
62,23378
63,22081
64,22737
65,21327
66,22759
67,21891
68,21496
69,21720
70,20251
71,21265
72,20516
73,22421
74,22864
75,21952
76,22013
77,21804
78,21952
79,20377
80,21214
81,22182
82,21022
83,22320
84,21653
85,20977
86,20565
87,21771
88,23093
89,21578
90,19981
91,21896
92,21076
93,19837
94,21890
95,23438
96,21652
97,21902
98,19428
99,19794
Iteration,LocalBest
0,49811
1,38268
2,31405
3,27429
4,26417
5,24962
6,24497
7,23500
8,22816
9,22485
10,23576
11,21169
12,21771
13,21718
14,21671
15,21997
16,21520
17,21029
18,22685
19,20993
20,21032
21,20984
22,20383
23,20971
24,19650
25,20488
26,21125
27,19647
28,20246
29,20566
30,19322
31,19711
32,20367
33,18315
34,20279
35,19910
36,18100
37,19614
38,20613
39,19881
40,19297
41,19625
42,19519
43,18985
44,19603
45,19565
46,17976
47,18982
48,19698
49,18902
50,19211
51,18490
52,18921
53,19614
54,19147
55,19075
56,18904
57,19910
58,18373
59,19018
60,17828
61,18490
62,18817
63,19490
64,18215
65,18540
66,18711
67,17869
68,17707
69,17855
70,18442
71,18841
72,18682
73,18120
74,16638
75,18330
76,18236
77,18427
78,18718
79,19374
80,17925
81,18225
82,17794
83,17912
84,17887
85,17930
86,18123
87,18349
88,18960
89,17120
90,18822
91,18199
92,17747
93,18067
94,17107
95,18733
96,18429
97,18279
98,19329
99,18166
Iteration,LocalBest
0,45456
1,35331
2,28245
3,24268
4,25822
5,23535
6,22688
7,22005
8,21161
9,20660
10,20925
11,20101
12,20779
13,19606
14,20451
15,20058
16,19884
17,18885
18,19925
19,18906
20,19803
21,19498
22,19068
23,19462
24,18455
25,18406
26,18703
27,18914
28,17752
29,18116
30,18755
31,18031
32,18487
33,18604
34,18461
35,18828
36,17874
37,17667
38,17654
39,18127
40,18701
41,18065
42,18525
43,17825
44,17546
45,18560
46,18393
47,18132
48,17808
49,18367
50,17656
51,18272
52,17382
53,18555
54,16818
55,17725
56,17751
57,18429
58,17945
59,17006
60,17797
61,17620
62,17222
63,16567
64,18171
65,17721
66,17968
67,17370
68,18183
69,17271
70,16622
71,17292
72,17975
73,17624
74,17669
75,17752
76,16963
77,17711
78,16537
79,17897
80,17604
81,16965
82,17228
83,16474
84,18191
85,17914
86,17034
87,17743
88,16986
89,17846
90,17323
91,17156
92,16874
93,17776
94,18117
95,16740
96,17595
97,17416
98,17414
99,17358
Iteration,LocalBest
0,46449
1,32604
2,28935
3,24903
4,24018
5,21698
6,21562
7,20700
8,20835
9,20549
10,19723
11,19812
12,19730
13,18461
14,19134
15,19531
16,17733
17,17962
18,18468
19,17664
20,18634
21,19390
22,18895
23,18567
24,17762
25,18819
26,18211
27,18726
28,17566
29,18266
30,18283
31,17953
32,17838
33,19083
34,18254
35,18191
36,17963
37,18488
38,18320
39,18208
40,18477
41,17530
42,17815
43,18274
44,17186
45,17620
46,18142
47,17658
48,17698
49,17727
50,17844
51,16885
52,16328
53,18254
54,17115
55,17358
56,17714
57,17264
58,17621
59,16962
60,17528
61,17316
62,17560
63,17597
64,17487
65,17435
66,17035
67,17508
68,17908
69,18190
70,17704
71,17363
72,17720
73,17893
74,16656
75,16834
76,16948
77,16994
78,17802
79,17731
80,16698
81,16934
82,16785
83,17937
84,18275
85,16869
86,16959
87,16950
88,17196
89,17436
90,16401
91,17376
92,16336
93,17480
94,17331
95,16271
96,17226
97,16741
98,17574
99,17739
Iteration,LocalBest
0,44394
1,33947
2,27451
3,25163
4,21557
5,21370
6,21789
7,20301
8,20240
9,20434
10,20183
11,19652
12,18907
13,18672
14,19165
15,18858
16,18746
17,18574
18,18711
19,18335
20,17548
21,17772
22,18546
23,18698
24,17802
25,17413
26,18912
27,17569
28,17997
29,18158
30,17824
31,17900
32,17166
33,18260
34,18229
35,18398
36,16875
37,17827
38,17314
39,16839
40,17356
41,17487
42,16954
43,17223
44,17622
45,17998
46,17051
47,17564
48,17585
49,17267
50,17697
51,17328
52,17326
53,17197
54,17296
55,18097
56,17821
57,17000
58,16881
59,16531
60,16530
61,17829
62,17444
63,16860
64,17457
65,16813
66,17795
67,17248
68,16027
69,17017
70,17146
71,16990
72,17537
73,17543
74,17333
75,17419
76,16920
77,17360
78,17182
79,16653
80,17273
81,17242
82,16436
83,16718
84,17071
85,17572
86,16827
87,16584
88,17112
89,16795
90,17186
91,16769
92,16638
93,16616
94,16995
Iteration,LocalBest
0,52721
1,54549
2,50930
3,50523
4,51642
5,49802
6,49791
7,50906
8,52172
9,48263
Iteration,LocalBest
0,51361
1,42264
2,40130
3,39741
4,36247
5,35891
6,33790
7,30863
8,34209
9,32138
Iteration,LocalBest
0,47456
1,38369
2,30339
3,28194
4,25005
5,25814
6,25304
7,25347
8,23886
9,24442
Iteration,LocalBest
0,45963
1,32118
2,26781
3,27007
4,22537
5,23264
6,22321
7,21703
8,20419
9,20531
Iteration,LocalBest
0,46257
1,33287
2,26709
3,25410
4,23538
5,22235
6,21233
7,19552
8,19471
9,18609
Iteration,LocalBest
0,45881
1,34235
2,27233
3,24611
4,23553
5,21763
6,20856
7,21247
8,20394
9,19658
Iteration,LocalBest
0,52263
1,50415
2,50392
3,50529
4,52148
5,48914
6,50512
7,45483
8,45435
9,45540
10,48722
11,48020
12,48458
13,47674
14,52312
15,44774
16,50254
17,45322
18,45046
19,41930
20,50695
21,44977
22,46193
23,45465
24,43717
25,45187
26,46617
27,44210
28,42810
29,42476
30,50214
31,48107
32,46923
33,42163
34,43917
35,40455
36,41406
37,44938
38,44714
39,45165
40,43347
41,45078
42,43135
43,45427
44,42742
45,43177
46,41115
47,42139
48,41009
49,42304
Iteration,LocalBest
0,48325
1,41419
2,39235
3,33429
4,35858
5,32539
6,30984
7,32723
8,30433
9,29987
10,29902
11,28787
12,29147
13,29964
14,29527
15,30511
16,29599
17,30345
18,29887
19,27734
20,27110
21,28022
22,26431
23,26092
24,26348
25,25731
26,25075
27,26351
28,27960
29,26557
30,27408
31,26136
32,24432
33,26844
34,26511
35,24476
36,25689
37,24867
38,24206
39,22060
40,24776
41,26347
42,23795
43,26183
44,26438
45,23809
46,24627
47,25588
48,25998
49,23334
Iteration,LocalBest
0,48229
1,37286
2,32176
3,28092
4,28243
5,25208
6,25546
7,23279
8,23639
9,23146
10,24159
11,21757
12,22274
13,23228
14,22920
15,21099
16,21862
17,21986
18,21330
19,20991
20,20654
21,21205
22,20481
23,20554
24,20109
25,21559
26,19907
27,21337
28,19395
29,21261
30,19433
31,20775
32,21493
33,19629
34,20306
35,19443
36,20837
37,20888
38,20379
39,20392
40,19575
41,18086
42,20315
43,18605
44,18129
45,18109
46,19058
47,19383
48,18998
49,19787
Iteration,LocalBest
0,44885
1,33715
2,27953
3,26461
4,23456
5,23436
6,22987
7,20620
8,20810
9,21441
10,21199
11,19270
12,21226
13,20100
14,20479
15,19541
16,19608
17,19828
18,19926
19,19687
20,18943
21,18120
22,18692
23,20080
24,19907
25,18525
26,18746
27,19194
28,18559
29,20015
30,19201
31,19380
32,18909
33,17362
34,18194
35,16924
36,18673
37,18378
38,18368
39,16755
40,18184
41,17842
42,18623
43,17699
44,17719
45,18181
46,18418
47,17616
48,17933
49,18531
Iteration,LocalBest
0,45585
1,34076
2,26315
3,24953
4,21203
5,24101
6,20271
7,21627
8,20292
9,20681
10,19257
11,20526
12,19026
13,19896
14,19421
15,18122
16,18836
17,18672
18,19236
19,19265
20,19064
21,18383
22,18042
23,17613
24,18133
25,17985
26,18546
27,18022
28,18130
29,18156
30,18349
31,17736
32,17680
33,18325
34,18100
35,18035
36,18114
37,17995
38,17251
39,17868
40,17451
41,18092
42,17705
43,17668
44,17162
45,17433
46,16965
47,17736
48,18749
49,18122
Iteration,LocalBest
0,42863
1,32889
2,27589
3,24750
4,22932
5,22373
6,21468
7,20347
8,20053
9,19737
10,19434
11,20111
12,18061
13,18852
14,19586
15,18497
16,18507
17,18822
18,19112
19,18178
20,17397
21,18431
22,18109
23,17982
24,18786
25,18215
26,18337
27,18277
28,17173
29,18133
30,17710
31,18180
32,17487
33,18132
34,18140
35,18297
36,17617
37,17481
38,17534
39,18132
40,17724
41,17817
42,18270
43,16414
44,17142
45,16570
46,17711
47,17065
48,17917
49,17832
Iteration,LocalBest
0,51430
1,54091
2,53315
3,53068
4,53237
5,52003
6,52820
7,50876
8,50648
9,51430
10,51363
11,50948
12,50702
13,52728
14,53140
15,52654
16,50405
17,51348
18,52873
19,50816
20,52243
21,49022
22,50451
23,48176
24,49874
25,51514
26,48252
27,48165
28,50690
29,50207
30,51602
31,50830
32,48052
33,45494
34,51858
35,44761
36,49147
37,46258
38,46452
39,45762
40,45690
41,45713
42,46181
43,47798
44,42667
45,44408
46,47716
47,46914
48,47041
49,44795
50,42898
51,43298
52,47877
53,45080
54,40719
55,41574
56,44178
57,41441
58,41187
59,42393
60,49756
61,46236
62,48322
63,49264
64,47210
65,40275
66,41681
67,41481
68,42512
69,43639
70,39078
71,42048
72,41623
73,43428
74,47802
75,42628
76,39597
77,41490
78,43504
79,42279
80,43199
81,42363
82,42585
83,41394
84,46470
85,42629
86,39893
87,41733
88,43109
89,39960
90,40896
91,41118
92,39823
93,36917
94,36466
95,38291
96,34879
97,38042
98,37118
99,35974
Iteration,LocalBest
0,46719
1,41342
2,38701
3,37755
4,34910
5,36169
6,31528
7,33055
8,32855
9,32024
10,31764
11,29550
12,27346
13,29893
14,29205
15,29650
16,28777
17,29341
18,28849
19,28810
20,27540
21,23857
22,26584
23,25331
24,25863
25,25635
26,26098
27,23937
28,26782
29,26602
30,28262
31,25558
32,26351
33,23663
34,26533
35,26181
36,25217
37,25799
38,26774
39,25434
40,26327
41,24612
42,25693
43,23664
44,25566
45,25172
46,23517
47,25244
48,26028
49,24601
50,25367
51,22871
52,24210
53,24955
54,25451
55,22844
56,26483
57,24317
58,24998
59,25259
60,22673
61,24630
62,23764
63,21822
64,22449
65,22091
66,24239
67,23422
68,22960
69,23610
70,24213
71,24441
72,25074
73,22978
74,23415
75,25307
76,23284
77,23213
78,21960
79,23748
80,21539
81,22474
82,24751
83,22421
84,21594
85,23657
86,20816
87,20652
88,21938
89,22187
90,21237
91,23527
92,23586
93,23561
94,21080
95,22660
96,19932
97,21887
98,21893
99,24158
Iteration,LocalBest
0,45207
1,35086
2,29821
3,27148
4,25803
5,26507
6,24881
7,25261
8,22437
9,22338
10,21713
11,23099
12,21122
13,22576
14,21380
15,21241
16,20872
17,20747
18,21716
19,21494
20,21650
21,21375
22,20297
23,21056
24,20035
25,20695
26,20832
27,19192
28,20765
29,19314
30,19364
31,19516
32,20181
33,20935
34,20455
35,18786
36,20162
37,20631
38,20464
39,18168
40,19204
41,18734
42,18481
43,20568
44,18111
45,18920
46,19742
47,19726
48,19173
49,18699
50,18943
51,19115
52,18468
53,19404
54,19792
55,18468
56,18313
57,18897
58,18034
59,18555
60,17870
61,18113
62,18745
63,19414
64,17846
65,17535
66,18593
67,18309
68,18853
69,19159
70,18515
71,17982
72,19204
73,17820
74,18189
75,18859
76,18139
77,18378
78,18580
79,17025
80,17402
81,19124
82,17686
83,18270
84,18294
85,18533
86,18174
87,17414
88,19308
89,18442
90,18812
91,18597
92,17358
93,18072
94,18519
95,17738
96,18174
97,17617
98,18824
99,17183
Iteration,LocalBest
0,45680
1,33850
2,29559
3,26003
4,23557
5,20331
6,20821
7,21817
8,19960
9,21238
10,20431
11,19925
12,19782
13,19930
14,19602
15,20084
16,18318
17,19802
18,19473
19,18966
20,19157
21,19662
22,19676
23,18401
24,18716
25,19992
26,18167
27,18974
28,18752
29,19178
30,17653
31,18152
32,18501
33,18549
34,17963
35,18239
36,17636
37,17877
38,17855
39,17751
40,17128
41,17422
42,18146
43,17476
44,18133
45,17291
46,17263
47,18055
48,18428
49,17715
50,16950
51,17787
52,17747
53,16567
54,17508
55,16970
56,18108
57,16506
58,18069
59,17651
60,17206
61,17309
62,17428
63,18187
64,17680
65,17416
66,17632
67,17597
68,17933
69,17448
70,16906
71,17130
72,16949
73,16768
74,17474
75,16914
76,17645
77,18602
78,16791
79,17557
80,17499
81,17249
82,16911
83,17643
84,16790
85,16426
86,17453
87,17152
88,17528
89,16610
90,17295
91,16822
92,16815
93,16503
94,16765
95,17452
96,17017
97,16869
98,17071
99,17452
Iteration,LocalBest
0,46203
1,33710
2,26885
3,22446
4,23134
5,22331
6,22635
7,21831
8,21438
9,19638
10,19727
11,20240
12,19407
13,20488
14,19310
15,19817
16,19298
17,18879
18,19167
19,19166
20,18374
21,19451
22,18682
23,18044
24,17738
25,18796
26,18117
27,18803
28,18468
29,17853
30,18792
31,18244
32,18882
33,18051
34,17693
35,18740
36,18555
37,17668
38,17086
39,18603
40,18090
41,17444
42,18014
43,17454
44,18161
45,17924
46,18445
47,17324
48,18100
49,16661
50,17672
51,18110
52,17378
53,17401
54,16668
55,17334
56,17611
57,17459
58,18275
59,17513
60,17722
61,18097
62,17647
63,16983
64,18462
65,16690
66,16943
67,17369
68,17871
69,17376
70,18111
71,17514
72,17462
73,17624
74,17855
75,17958
76,16901
77,17738
78,17911
79,17408
80,16867
81,17974
82,17342
83,16842
84,18183
85,16423
86,17014
87,17401
88,16590
89,16739
90,16956
91,16903
92,17698
93,17000
94,17358
95,16726
96,17294
97,17185
98,17410
99,17253
Iteration,LocalBest
0,46619
1,32200
2,27958
3,24877
4,22915
5,22050
6,19834
7,20161
8,20945
9,20442
10,20718
11,18902
12,19147
13,20286
14,19417
15,19179
16,19140
17,19589
18,18869
19,18364
20,18686
21,19102
22,18436
23,18796
24,18213
25,18551
26,18136
27,17384
28,18592
29,17689
30,18080
31,17882
32,17449
33,17911
34,17046
35,17134
36,17677
37,18088
38,17844
39,17944
40,17495
41,17632
42,18081
43,17362
44,17429
45,17572
46,17535
47,18032
48,17672
49,16104
50,18184
51,16637
52,16958
53,16374
54,16516
55,16798
56,17299
57,16442
58,17590
59,17248
60,16988
61,17555
62,16844
63,17930
64,16729
65,17487
66,16803
67,17542
68,16910
69,17404
70,17223
71,16773
72,17560
73,17739
74,17668
75,17103
76,17228
77,17275
78,17214
79,17583
80,17555
81,16265
82,16789
83,17243
84,17298
85,16244
86,17313
87,16890
88,16568
89,17338
90,15885
91,17794
92,17001
93,16346
94,17474
95,16600
96,16142
97,16789
98,17325
99,17239
Iteration,LocalBest
0,48358
1,48177
2,48358
3,48762
4,48071
5,47180
6,48477
7,47661
8,49028
9,48346
10,48219
11,46960
12,46908
13,48177
14,47287
15,46141
16,47383
17,48610
18,48834
19,47887
20,47144
21,46531
22,48140
23,51135
24,51910
25,47661
26,45896
27,49003
28,47843
29,47434
30,49675
31,46289
32,46975
33,51875
34,48079
35,45804
36,47045
37,46736
38,45659
39,47702
40,47353
41,47855
42,45985
43,46491
44,47419
45,46334
46,46033
47,44308
48,46344
49,42694
50,42616
51,48518
52,46550
53,45898
54,45849
55,46669
56,45581
57,47197
58,45242
59,46050
60,44775
61,43669
62,44988
63,43703
64,41619
65,41084
66,44031
67,44277
68,40421
69,41736
70,43111
71,41216
72,47832
73,41225
74,45451
75,40746
76,40488
77,41113
78,44885
79,42546
80,44480
81,42334
82,44430
83,44353
84,41429
85,42131
86,42824
87,42661
88,40994
89,39339
90,40270
91,39605
92,41785
93,46221
94,38062
95,39118
96,39803
97,40172
98,37668
99,36647
100,41575
101,37632
102,41832
103,39113
104,38491
105,38378
106,39797
107,38340
108,33740
109,35192
110,39354
111,36009
112,42562
113,38409
114,39712
115,40497
116,38451
117,34982
118,39283
119,40835
120,39776
121,35137
122,39320
123,34603
124,35184
125,36944
126,34185
127,35385
128,34943
129,37801
130,33188
131,35083
132,37803
133,35767
134,35427
135,36982
136,34282
137,31305
138,38715
139,36831
140,34631
141,37831
142,33066
143,31178
144,39159
145,37031
146,38445
147,31120
148,34575
149,34060
150,37796
151,34591
152,34192
153,38482
154,34527
155,36389
156,39172
157,36129
158,38398
159,36952
160,33128
161,34615
162,35529
163,35089
164,35259
165,32380
166,37890
167,36685
168,29980
169,30920
170,30444
171,28349
172,29501
173,36192
174,32736
175,32013
176,30216
177,31024
178,37286
179,40088
180,32147
181,31168
182,33501
183,32648
184,30249
185,31850
186,30839
187,32485
188,34654
189,31123
190,32565
191,32256
192,31156
193,30509
194,31603
195,31660
196,28762
197,32146
198,30957
199,30350
200,34430
201,31543
202,32775
203,31224
204,34750
205,32592
206,32363
207,33350
208,32329
209,34747
210,35402
211,33448
212,33279
213,30130
214,33870
215,36102
216,32452
217,28677
218,32919
219,29594
220,29978
221,32331
222,28584
223,28890
224,29014
225,31415
226,28342
227,33320
228,29589
229,34516
230,32214
231,30659
232,33039
233,29474
234,32538
235,33751
236,30101
237,27952
238,35298
239,32573
240,29378
241,32764
242,30620
243,30322
244,36703
245,32727
246,31184
247,34262
248,33173
249,38685
Iteration,LocalBest
0,51370
1,41949
2,39132
3,39359
4,36847
5,34873
6,31698
7,33101
8,33286
9,31503
10,32974
11,28942
12,29398
13,29009
14,30027
15,28199
16,27339
17,27578
18,30063
19,28811
20,28303
21,26639
22,27658
23,28158
24,24390
25,27630
26,27675
27,25831
28,26053
29,25397
30,27135
31,23056
32,24447
33,25866
34,25452
35,25922
36,27045
37,25557
38,24603
39,25489
40,23568
41,24570
42,25992
43,27869
44,24523
45,24271
46,21616
47,25374
48,24421
49,22862
50,25680
51,23372
52,22028
53,24552
54,24186
55,25220
56,23932
57,23767
58,23057
59,23434
60,22333
61,23779
62,22636
63,24502
64,21316
65,22070
66,23942
67,24200
68,21368
69,21854
70,22024
71,21279
72,23877
73,22184
74,20764
75,20255
76,23729
77,22293
78,19752
79,23554
80,23743
81,23183
82,22499
83,22672
84,20801
85,21287
86,21353
87,21326
88,23666
89,21044
90,20510
91,22278
92,21163
93,22362
94,21058
95,21921
96,20700
97,21163
98,20735
99,21177
100,19844
101,21071
102,21544
103,19839
104,19867
105,20574
106,21739
107,18697
108,19825
109,20695
110,21295
111,20346
112,21869
113,20675
114,20917
115,21459
116,21099
117,20897
118,20343
119,21138
120,20871
121,20737
122,21167
123,20853
124,19732
125,21039
126,20947
127,19766
128,19725
129,20024
130,21425
131,19796
132,19705
133,21593
134,18915
135,20635
136,20451
137,20600
138,19063
139,19663
140,20162
141,19806
142,21190
143,19956
144,19652
145,19987
146,19731
147,20466
148,19642
149,20506
150,20307
151,20186
152,19598
153,19996
154,19334
155,19882
156,20389
157,18591
158,19323
159,20314
160,20808
161,18402
162,18261
163,20116
164,18376
165,19877
166,21340
167,18719
168,19759
169,20021
170,19948
171,19656
172,20057
173,18850
174,17908
175,19928
176,20559
177,19613
178,18773
179,19104
180,19572
181,19908
182,18106
183,19014
184,19792
185,19617
186,20736
187,19226
188,20287
189,19111
190,18615
191,19691
192,18524
193,20340
194,19348
195,19646
196,20560
197,20394
198,19717
199,19993
200,18907
201,20737
202,21386
203,19725
204,19479
205,20941
206,20343
207,20631
208,20942
209,19841
210,20775
211,19358
212,19328
213,20085
214,20523
215,20453
216,19299
217,19525
218,19356
219,19270
220,19397
221,20247
222,20030
223,20717
224,19472
225,19741
226,19225
227,20901
228,19340
229,20042
230,19364
231,20971
232,19617
233,18922
234,18910
235,17741
236,18927
237,20398
238,20063
239,19035
240,18861
241,19531
242,19693
243,20852
244,18715
245,19233
246,19287
247,19902
248,18765
249,17947
Iteration,LocalBest
0,48082
1,36378
2,29092
3,27010
4,26038
5,25947
6,24209
7,22298
8,23292
9,22831
10,22708
11,20479
12,21399
13,21427
14,21484
15,20571
16,19962
17,19564
18,21409
19,19796
20,20560
21,21153
22,19144
23,19655
24,19780
25,19389
26,19303
27,19441
28,19740
29,19520
30,19348
31,18642
32,18632
33,19640
34,19347
35,19073
36,18618
37,19639
38,19419
39,19239
40,19086
41,18093
42,18765
43,18975
44,18565
45,19247
46,18303
47,18454
48,18741
49,17706
50,18505
51,18474
52,18962
53,16948
54,18602
55,18256
56,18557
57,18713
58,18693
59,18566
60,18079
61,18284
62,18859
63,16867
64,18519
65,17815
66,18401
67,18134
68,18698
69,18834
70,18667
71,17141
72,18258
73,17793
74,17631
75,17551
76,18313
77,17523
78,18087
79,17842
80,17345
81,18349
82,17745
83,17129
84,17267
85,18992
86,16903
87,18366
88,17725
89,17529
90,17674
91,18226
92,16689
93,18355
94,17031
95,16763
96,16520
97,17758
98,17796
99,17615
100,18442
101,18329
102,17935
103,16210
104,17870
105,17576
106,18558
107,17885
108,17158
109,18347
110,17506
111,16928
112,17983
113,16004
114,18212
115,17987
116,16976
117,18842
118,17845
119,18083
120,17724
121,17520
122,17061
123,17348
124,16673
125,16798
126,16775
127,16781
128,17006
129,17637
130,17575
131,17484
132,17381
133,17300
134,18119
135,16156
136,16753
137,17963
138,17866
139,17649
140,16137
141,18329
142,17407
143,16933
144,16835
145,17739
146,18336
147,17772
148,18372
149,18150
150,18288
151,16034
152,18120
153,17647
154,18036
155,17883
156,16715
157,16785
158,18282
159,17345
160,17292
161,17791
162,16675
163,17151
164,16893
165,17374
166,18760
167,17575
168,17413
169,17356
170,17795
171,17568
172,17425
173,18036
174,17962
175,17526
176,17242
177,17373
178,18487
179,17833
180,16233
181,17133
182,18012
183,17554
184,17605
185,17518
186,17662
187,16642
188,17730
189,17933
190,17505
191,17371
192,17449
193,16524
194,16689
195,17326
196,16778
197,18468
198,17778
199,17577
200,17675
201,17245
202,18213
203,18002
204,17538
205,17569
206,17396
207,17991
208,17196
209,16598
210,17773
211,18310
212,17855
213,17660
214,16626
215,18048
216,17416
217,17211
218,17639
219,18104
220,17926
221,16769
222,18214
223,16946
224,18211
225,16762
226,17782
227,17839
228,18258
229,17326
230,16732
231,17478
232,17859
233,16797
234,18094
235,17566
236,17393
237,18421
238,17095
239,16327
240,16698
241,17689
242,17077
243,17407
244,17948
245,17221
246,17879
247,17221
248,18386
249,16636
Iteration,LocalBest
0,46572
1,35478
2,27027
3,25133
4,25497
5,22122
6,21260
7,22131
8,21610
9,21797
10,20739
11,21170
12,21196
13,19665
14,19223
15,19970
16,19519
17,18546
18,19430
19,19038
20,19684
21,18485
22,19312
23,18203
24,18155
25,17984
26,17113
27,18420
28,18655
29,18657
30,18681
31,17125
32,18072
33,18935
34,18660
35,17878
36,16964
37,17903
38,18710
39,18171
40,18133
41,18001
42,17886
43,18135
44,17505
45,16901
46,18719
47,18030
48,18288
49,17450
50,17559
51,17893
52,18270
53,18050
54,17712
55,18131
56,18514
57,18752
58,17585
59,17443
60,18049
61,17205
62,18135
63,17340
64,17213
65,18988
66,17286
67,18569
68,17607
69,17774
70,17945
71,17660
72,17395
73,18550
74,18049
75,17437
76,17494
77,17726
78,17824
79,17563
80,17614
81,17118
82,17894
83,17658
84,16778
85,17871
86,16700
87,17170
88,17242
89,17632
90,16858
91,17446
92,16959
93,17361
94,17859
95,17305
96,17503
97,17081
98,17976
99,17011
100,15942
101,17233
102,17374
103,17288
104,17647
105,17806
106,17215
107,15764
108,18107
109,17556
110,17573
111,17497
112,16545
113,18009
114,17219
115,16867
116,17964
117,17990
118,17774
119,16931
120,17490
121,17371
122,17373
123,17270
124,18053
125,17933
126,16089
127,17090
128,16327
129,16995
130,17016
131,17202
132,16951
133,17588
134,16999
135,17717
136,16852
137,17327
138,16772
139,16328
140,16632
141,18069
142,16693
143,17282
144,17447
145,17081
146,17749
147,16254
148,16900
149,18063
150,17559
151,17868
152,17663
153,17212
154,16744
155,16653
156,17842
157,16685
158,17150
159,16827
160,17113
161,17175
162,17675
163,17854
164,17238
165,17264
166,17401
167,16066
168,16776
169,17386
170,17104
171,17566
172,17001
173,17027
174,17166
175,17417
176,17734
177,16313
178,16818
179,16926
180,17530
181,17380
182,17575
183,16874
184,16527
185,17280
186,16059
187,17594
188,16282
189,17781
190,17601
191,17252
192,17655
193,16865
194,17238
195,17115
196,17775
197,16807
198,17085
199,17014
200,17080
201,17840
202,17264
203,17801
204,16566
205,16690
206,16989
207,17375
208,16929
209,16451
210,16405
211,17973
212,17445
213,17298
214,16747
215,16999
216,16836
217,16944
218,17176
219,17458
220,17402
221,17141
222,17340
223,17149
224,17220
225,16738
226,16073
227,17561
228,17195
229,17124
230,17207
231,17445
232,17721
233,17581
234,17516
235,17743
236,16816
237,17344
238,17764
239,16917
240,17058
241,16624
242,17374
243,16091
244,17226
245,16225
246,17778
247,17993
248,17323
249,15906
Iteration,LocalBest
0,45663
1,33683
2,27180
3,24234
4,23143
5,22730
6,21917
7,21510
8,21031
9,20587
10,20722
11,20337
12,18401
13,19197
14,19242
15,18817
16,18492
17,18916
18,19479
19,18586
20,18588
21,17813
22,18018
23,18795
24,18393
25,17826
26,18771
27,16929
28,18563
29,18183
30,17871
31,17258
32,18179
33,18296
34,17637
35,18295
36,17452
37,17765
38,16864
39,17107
40,17544
41,17242
42,17512
43,18064
44,17472
45,17618
46,18161
47,16842
48,17109
49,17383
50,17519
51,18057
52,17720
53,17540
54,17143
55,17609
56,17301
57,17885
58,17375
59,17677
60,16731
61,16733
62,17072
63,17327
64,16481
65,16771
66,16807
67,17022
68,17137
69,17525
70,17485
71,17600
72,16564
73,16924
74,18079
75,17103
76,17400
77,16996
78,16612
79,17683
80,17700
81,17653
82,17615
83,17204
84,17251
85,17008
86,15620
87,16725
88,16806
89,17467
90,17169
91,17106
92,16987
93,16936
94,17223
95,17532
96,16909
97,17732
98,17699
99,16516
100,16543
101,17887
102,16864
103,17126
104,17060
105,17370
106,16342
107,16485
108,16867
109,17042
110,17357
111,17168
112,17759
113,17039
114,16725
115,17381
116,16329
117,17014
118,17227
119,17304
120,17039
121,17160
122,17579
123,17508
124,16925
125,17600
126,17286
127,16934
128,17333
129,16308
130,16436
131,17009
132,16906
133,16692
134,16919
135,16909
136,16782
137,16671
138,16267
139,17012
140,17168
141,17186
142,16276
143,15898
144,16892
145,16799
146,16057
147,17292
148,17061
149,17732
150,16583
151,16399
152,16770
153,17006
154,16771
155,16791
156,16623
157,17736
158,17699
159,17105
160,16382
161,16722
162,17954
163,16857
164,16486
165,17107
166,16199
167,17729
168,16313
169,16747
170,16884
171,16458
172,16775
173,16703
174,17444
175,17218
176,15823
177,16267
178,16319
179,17473
180,17362
181,17292
182,16555
183,16675
184,17202
185,16676
186,16480
187,17189
188,16546
189,17824
190,16133
191,16655
192,16855
193,17151
194,18084
195,16997
196,16237
197,16162
198,16992
199,16946
200,16316
201,17225
202,16741
203,17320
204,16559
205,17040
206,16638
207,16328
208,17355
209,16130
210,16368
211,16282
212,16790
213,16948
214,17327
215,17023
216,17609
217,16488
218,16299
219,17219
220,16772
221,16749
222,17393
223,17516
224,17696
225,17144
226,16377
227,17107
228,16753
229,15992
230,16554
231,16937
232,17140
233,16582
234,16804
235,16717
236,16577
237,16096
238,16194
239,16552
240,16946
241,17370
242,16650
243,16469
244,16731
245,17512
246,16349
247,16634
248,16478
249,16495
Iteration,LocalBest
0,45013
1,31858
2,25819
3,25811
4,23832
5,22478
6,20774
7,21788
8,20319
9,20429
10,19788
11,20200
12,19919
13,19152
14,19331
15,19196
16,19194
17,18653
18,18225
19,18873
20,16974
21,18757
22,18726
23,17463
24,18470
25,18045
26,17568
27,18323
28,18288
29,19004
30,18419
31,18090
32,18520
33,18138
34,17525
35,17279
36,17503
37,17934
38,17539
39,17584
40,18306
41,17621
42,17975
43,16918
44,17734
45,17586
46,17544
47,17769
48,17228
49,18051
50,17418
51,16917
52,17505
53,16983
54,17252
55,16457
56,17131
57,17711
58,17603
59,16768
60,16714
61,17830
62,16859
63,17376
64,17351
65,17187
66,17215
67,17608
68,17297
69,17526
70,16731
71,16749
72,17294
73,17139
74,17139
75,17424
76,17349
77,16402
78,16726
79,17479
80,17679
81,16966
82,17064
83,17293
84,17481
85,16438
86,17246
87,17717
88,17789
89,16625
90,16871
91,16487
92,17042
93,16692
94,17125
95,17341
96,17140
97,16342
98,17021
99,17451
100,17096
101,16626
102,16748
103,17113
104,17093
105,17435
106,17499
107,16212
108,16531
109,17548
110,17076
111,17423
112,17115
113,17395
114,16914
115,16718
116,17330
117,16170
118,17349
119,16662
120,17623
121,17167
122,16957
123,16442
124,17076
125,17632
126,16478
127,17352
128,17452
129,17117
130,16730
131,16921
132,16190
133,16834
134,16856
135,17082
136,16269
137,16359
138,16713
139,16699
140,16820
141,16937
142,17596
143,16813
144,17125
145,16362
146,17651
147,16861
148,17012
149,16679
150,16815
151,17019
152,16202
153,17079
154,16275
155,17190
156,16281
157,16790
158,16692
159,16853
160,17328
161,16229
162,16534
163,16936
164,17004
165,16505
166,17043
167,16925
168,17212
169,16425
170,16729
171,17170
172,16909
173,16668
174,17018
175,17307
176,17374
177,16385
178,16902
179,17653
180,16572
181,17591
182,17202
183,16982
184,16945
185,17282
186,17055
187,17096
188,17472
189,17048
190,16725
191,15866
192,16396
193,16538
194,16301
195,17140
196,16618
197,17141
198,17312
199,17600
200,16755
201,17128
202,17083
203,17175
204,17405
205,16898
206,16527
207,16567
208,16844
209,17069
210,17250
211,16811
212,16458
213,16750
214,16574
215,16235
216,17491
217,15627
218,16965
219,16502
220,16844
221,17365
222,16889
223,16228
224,16758
225,17622
226,16879
227,16840
228,17484
229,17335
230,17248
231,17350
232,17362
233,17382
234,17598
235,16500
236,16873
237,17595
238,16627
239,15867
240,16394
241,17179
242,17136
243,16837
244,17350
245,16488
246,17418
247,17235
248,16524
249,17118
Iteration,LocalBest
0,57590
1,54280
2,56371
3,56204
4,56732
5,52096
6,53369
7,52259
8,51811
9,53414
10,51655
11,52096
12,52079
13,47945
14,47476
15,53694
16,51230
17,46410
18,50223
19,47894
20,49660
21,50160
22,49275
23,47821
24,46715
25,48557
26,47532
27,46509
28,48564
29,44921
30,44244
31,46182
32,47704
33,48205
34,46187
35,46766
36,46710
37,46550
38,46360
39,44494
40,42395
41,44142
42,43401
43,45192
44,46307
45,45376
46,48644
47,44268
48,42283
49,46890
50,47118
51,45448
52,42861
53,38612
54,40720
55,41660
56,45377
57,43164
58,46969
59,39899
60,39931
61,46370
62,43511
63,41335
64,44631
65,42658
66,45579
67,41899
68,40845
69,41158
70,37681
71,41805
72,40582
73,42393
74,36393
75,37561
76,38139
77,36892
78,37779
79,35940
80,37637
81,40651
82,38853
83,35342
84,40379
85,36666
86,37870
87,37448
88,35903
89,39129
90,38408
91,35643
92,41018
93,35251
94,32051
95,37095
96,34161
97,37671
98,35094
99,35688
100,36427
101,36117
102,38675
103,36456
104,36306
105,34176
106,32007
107,38475
108,37554
109,38045
110,35758
111,34320
112,39251
113,34620
114,35834
115,35221
116,35833
117,31601
118,35690
119,35636
120,32021
121,34300
122,36213
123,30749
124,33415
125,34213
126,31526
127,31863
128,34760
129,32252
130,34814
131,35110
132,36680
133,34538
134,36023
135,33680
136,33381
137,33739
138,31662
139,36280
140,33983
141,31621
142,33140
143,35168
144,30709
145,34834
146,33485
147,32935
148,28276
149,33411
150,31276
151,31132
152,32007
153,35101
154,31254
155,33266
156,36824
157,34615
158,36847
159,42258
160,33873
161,34214
162,36616
163,31063
164,35114
165,33844
166,30789
167,37696
168,37029
169,32693
170,31017
171,34550
172,34813
173,33172
174,32204
175,32571
176,31069
177,30990
178,33145
179,29623
180,37288
181,33801
182,31995
183,35914
184,31634
185,31263
186,32844
187,29862
188,31257
189,34598
190,33014
191,30371
192,30546
193,36703
194,32168
195,34470
196,30845
197,30595
198,33096
199,32894
200,29399
201,32409
202,33340
203,30079
204,29383
205,30852
206,35240
207,30885
208,33334
209,33731
210,32642
211,31687
212,32337
213,28619
214,35078
215,32616
216,30520
217,30443
218,33211
219,28616
220,33108
221,30744
222,30397
223,28319
224,35216
225,30667
226,30182
227,32335
228,29000
229,27007
230,29502
231,28190
232,29347
233,29807
234,29887
235,27742
236,34329
237,29785
238,33725
239,29844
240,31619
241,31983
242,27923
243,29090
244,27729
245,29664
246,28921
247,29695
248,32125
249,33754
250,28655
251,29612
252,31835
253,33490
254,28723
255,28844
256,29220
257,28395
258,27256
259,27620
260,28254
261,32226
262,30407
263,32613
264,31172
265,31217
266,28921
267,28259
268,27058
269,28271
270,30289
271,27250
272,34032
273,31461
274,28671
275,28332
276,25488
277,28635
278,28334
279,36615
280,28645
281,29228
282,30634
283,27089
284,29964
285,27992
286,26591
287,29436
288,31884
289,27270
290,29484
291,29655
292,28201
293,29951
294,31081
295,27054
296,28744
297,29602
298,28721
299,29068
300,26863
301,31473
302,31362
303,27933
304,27636
305,30358
306,29431
307,31641
308,31630
309,25890
310,29467
311,31134
312,29208
313,29374
314,26504
315,31432
316,31943
317,29298
318,26599
319,35155
320,27794
321,28650
322,31029
323,27427
324,30154
325,32147
326,26363
327,28208
328,29899
329,29518
330,28739
331,31304
332,31680
333,28630
334,31017
335,30036
336,26158
337,27830
338,28496
339,29745
340,28223
341,26549
342,29207
343,28251
344,31882
345,28508
346,27190
347,29732
348,28495
349,29754
350,28483
351,31490
352,26414
353,29436
354,30163
355,24781
356,27067
357,26769
358,30563
359,27158
360,33247
361,26162
362,29427
363,26601
364,28267
365,30170
366,28007
367,31689
368,28683
369,28909
370,26304
371,29090
372,27169
373,27893
374,29736
375,26402
376,26528
377,30070
378,29252
379,33740
380,32475
381,30574
382,27273
383,29408
384,28563
385,31126
386,29914
387,26266
388,34050
389,27756
390,29504
391,29504
392,28049
393,29674
394,27133
395,29247
396,28346
397,32818
398,28453
399,30472
400,30116
401,33705
402,29908
403,25129
404,26368
405,31759
406,30484
407,29369
408,28519
409,29121
410,26831
411,33902
412,29426
413,30963
414,27350
415,27455
416,25847
417,24768
418,30417
419,26874
420,27430
421,27707
422,26457
423,28751
424,27589
425,29548
426,27813
427,28674
428,27121
429,23483
430,26101
431,28322
432,27093
433,26088
434,25888
435,23542
436,28506
437,25232
438,26009
439,29140
440,29560
441,27765
442,25255
443,25733
444,26202
445,27062
446,25442
447,28440
448,27509
449,25699
450,25452
451,27578
452,24659
453,25463
454,28010
455,29497
456,31383
457,27681
458,28600
459,28073
460,27819
461,26341
462,24527
463,27011
464,28099
465,24084
466,28899
467,26568
468,23948
469,25597
470,28504
471,30433
472,27064
473,25111
474,29136
475,25592
476,28126
477,28263
478,25362
479,28298
480,27232
481,26979
482,26218
483,30474
484,26276
485,25501
486,26546
487,27401
488,25027
489,27456
490,26797
491,26623
492,29456
493,25072
494,26472
495,27321
496,27212
497,27909
498,25300
499,30738
Iteration,LocalBest
0,50720
1,40261
2,38607
3,36508
4,37284
5,34841
6,32659
7,32483
8,35101
9,33727
10,33808
11,30248
12,30007
13,30431
14,30500
15,31519
16,29073
17,30525
18,30049
19,30844
20,25932
21,27774
22,28536
23,28221
24,27680
25,28101
26,28506
27,29142
28,27776
29,27599
30,27137
31,26077
32,26275
33,30229
34,27437
35,27654
36,26653
37,28865
38,27511
39,27343
40,24878
41,24756
42,25233
43,25740
44,26594
45,25743
46,24804
47,23844
48,26135
49,24766
50,24249
51,27457
52,24887
53,26091
54,25364
55,25844
56,24456
57,26318
58,24561
59,25098
60,25233
61,25493
62,24472
63,24812
64,26287
65,25094
66,23893
67,24438
68,25174
69,25409
70,23549
71,23918
72,23291
73,24207
74,24071
75,23915
76,23210
77,23442
78,24374
79,24737
80,21434
81,21229
82,21565
83,22563
84,22405
85,22412
86,23124
87,23701
88,23492
89,23998
90,24054
91,23230
92,21725
93,22107
94,23164
95,22950
96,23204
97,22321
98,22253
99,21394
100,22817
101,23608
102,20970
103,22106
104,23355
105,22505
106,20974
107,21362
108,22929
109,21761
110,22701
111,21930
112,22626
113,20420
114,22585
115,21352
116,20785
117,22319
118,21824
119,21542
120,21619
121,21394
122,22134
123,21430
124,21270
125,21554
126,20309
127,20677
128,21000
129,21712
130,21720
131,21407
132,21596
133,19597
134,19799
135,20593
136,19791
137,20743
138,19207
139,20810
140,22047
141,20107
142,21308
143,20186
144,19526
145,20687
146,19459
147,20399
148,21027
149,18653
150,21072
151,18372
152,20208
153,19161
154,18766
155,21076
156,20008
157,16937
158,19137
159,20389
160,20481
161,20815
162,19627
163,19533
164,19282
165,18361
166,19009
167,21721
168,19847
169,21007
170,18933
171,20500
172,19721
173,18143
174,18015
175,20194
176,19577
177,18983
178,19581
179,20588
180,18758
181,20398
182,20929
183,19835
184,19355
185,20213
186,20195
187,19171
188,19178
189,19237
190,19684
191,18890
192,18133
193,18363
194,19124
195,17753
196,18882
197,20518
198,20926
199,19004
200,17599
201,19428
202,17602
203,19614
204,17464
205,18702
206,17850
207,19622
208,19213
209,20251
210,20277
211,17200
212,19226
213,19897
214,18059
215,20188
216,18649
217,19351
218,19296
219,18923
220,17094
221,19377
222,18321
223,19298
224,18446
225,19099
226,18227
227,18880
228,18479
229,19402
230,20731
231,18518
232,19547
233,18073
234,15777
235,19621
236,19783
237,20034
238,19302
239,18303
240,19191
241,17185
242,18966
243,17414
244,19683
245,19686
246,18478
247,18700
248,17907
249,20262
250,17703
251,17988
252,17986
253,19442
254,19692
255,19544
256,18648
257,18793
258,17500
259,17875
260,18373
261,19755
262,18444
263,19209
264,18099
265,17584
266,20972
267,19911
268,17102
269,18814
270,20011
271,19751
272,19199
273,18140
274,19603
275,19345
276,18070
277,17621
278,17996
279,20223
280,19528
281,19243
282,19037
283,20264
284,17218
285,18232
286,18965
287,17915
288,18733
289,17812
290,18818
291,18508
292,19223
293,19365
294,18002
295,17399
296,19088
297,20270
298,18341
299,17441
300,19018
301,19968
302,17403
303,17441
304,17965
305,17635
306,18988
307,17681
308,18468
309,18529
310,17347
311,18673
312,17897
313,17957
314,17808
315,18404
316,20343
317,18043
318,18531
319,18502
320,17585
321,17823
322,18003
323,17418
324,17210
325,19169
326,18438
327,19357
328,18571
329,17746
330,19618
331,17860
332,18357
333,19129
334,18316
335,17416
336,18626
337,19784
338,19709
339,19197
340,18033
341,18005
342,18409
343,19055
344,19056
345,19845
346,18784
347,17363
348,17681
349,19331
350,17904
351,17669
352,19391
353,18435
354,18964
355,17777
356,18074
357,18365
358,19712
359,18752
360,17692
361,16890
362,18158
363,19000
364,19176
365,17645
366,18340
367,18692
368,17603
369,17716
370,17445
371,17333
372,17808
373,18663
374,17235
375,17803
376,19257
377,19480
378,18440
379,19523
380,17388
381,18162
382,17883
383,18313
384,18942
385,17726
386,17592
387,20142
388,18863
389,18214
390,19054
391,16586
392,17045
393,17324
394,18035
395,18892
396,18764
397,19331
398,17902
399,18720
400,18867
401,18845
402,17408
403,17240
404,17247
405,17704
406,17915
407,18075
408,18078
409,20259
410,17888
411,18246
412,18571
413,17898
414,18753
415,17625
416,18254
417,18464
418,18395
419,17927
420,18947
421,19057
422,18681
423,18527
424,18262
425,18151
426,17308
427,18523
428,18967
429,17977
430,17496
431,19265
432,18127
433,18110
434,18437
435,17675
436,18857
437,19828
438,19439
439,18050
440,19972
441,18376
442,17511
443,19367
444,18990
445,18563
446,18697
447,19150
448,18147
449,18380
450,17663
451,20184
452,19577
453,17920
454,19159
455,17694
456,19164
457,18110
458,18633
459,19250
460,17713
461,16193
462,18569
463,19144
464,17972
465,19428
466,17551
467,17478
468,19337
469,17617
470,15873
471,17674
472,18390
473,17374
474,18908
475,18599
476,18502
477,17652
478,20276
479,18600
480,17926
481,18788
482,18136
483,18738
484,19043
485,19182
486,17715
487,17106
488,19574
489,17461
490,17004
491,18110
492,17970
493,20078
494,18174
495,18245
496,17949
497,17556
498,16960
499,17260
Iteration,LocalBest
0,46264
1,36669
2,30810
3,26121
4,23524
5,27030
6,23568
7,24662
8,22766
9,24223
10,22122
11,22354
12,21063
13,21115
14,22010
15,21685
16,22320
17,21259
18,20645
19,20234
20,21524
21,20597
22,20855
23,21343
24,20003
25,18384
26,19826
27,19985
28,20963
29,20235
30,19186
31,19449
32,19638
33,18842
34,18303
35,18790
36,20324
37,18991
38,18417
39,19110
40,18714
41,17900
42,19347
43,17983
44,18773
45,19117
46,19044
47,18193
48,16485
49,18519
50,18386
51,18278
52,18257
53,18059
54,17251
55,18773
56,18719
57,17436
58,18649
59,18915
60,18048
61,18227
62,17608
63,18758
64,18786
65,18220
66,18372
67,17606
68,18570
69,18326
70,17504
71,18064
72,17952
73,18462
74,18092
75,17563
76,18746
77,18827
78,18441
79,18321
80,17018
81,18358
82,18018
83,17611
84,17820
85,17515
86,18218
87,17429
88,17361
89,16642
90,17960
91,18668
92,18018
93,18429
94,18225
95,18177
96,17002
97,17105
98,18105
99,18733
100,18163
101,17029
102,16863
103,17720
104,18567
105,17089
106,17559
107,17453
108,17147
109,16376
110,17617
111,17033
112,17456
113,17364
114,17372
115,17901
116,17910
117,17104
118,17950
119,18172
120,16779
121,17631
122,17301
123,17989
124,17161
125,18532
126,18510
127,17298
128,18345
129,17926
130,18067
131,18094
132,17667
133,17331
134,17993
135,18287
136,18034
137,17029
138,17932
139,17933
140,16205
141,16813
142,17289
143,17425
144,17105
145,18460
146,16689
147,17669
148,18139
149,17985
150,17642
151,16865
152,17954
153,16826
154,17548
155,17479
156,18179
157,18005
158,17890
159,16878
160,17631
161,18318
162,17403
163,17640
164,17581
165,17481
166,16645
167,17436
168,17675
169,17304
170,18113
171,17422
172,17273
173,18234
174,18344
175,17525
176,17114
177,17453
178,17090
179,17408
180,16957
181,17406
182,17208
183,16967
184,17727
185,17577
186,17720
187,17856
188,17517
189,17199
190,17885
191,17194
192,17142
193,17542
194,17816
195,17041
196,16783
197,17165
198,18211
199,17356
200,16743
201,17832
202,16694
203,17069
204,17939
205,17495
206,17660
207,17285
208,16764
209,17282
210,16664
211,16825
212,18059
213,17625
214,18354
215,16786
216,18701
217,17916
218,17154
219,18051
220,17151
221,17440
222,16810
223,18186
224,18013
225,18105
226,17790
227,18104
228,17660
229,17823
230,17522
231,17654
232,17987
233,17229
234,17876
235,16976
236,17543
237,16856
238,17471
239,17767
240,16863
241,17559
242,18259
243,17393
244,17025
245,17464
246,16421
247,17813
248,18053
249,17584
250,16742
251,17340
252,16745
253,16722
254,16099
255,17816
256,16165
257,18220
258,17705
259,17785
260,16352
261,17524
262,16895
263,17952
264,17124
265,17094
266,18467
267,16803
268,17802
269,17924
270,17540
271,15721
272,17528
273,17539
274,18021
275,16937
276,17699
277,17601
278,17518
279,17860
280,18098
281,17792
282,17270
283,16946
284,17134
285,18153
286,16696
287,17053
288,16668
289,16791
290,17192
291,17966
292,17909
293,18096
294,17270
295,17262
296,17043
297,17303
298,17195
299,16662
300,17823
301,16560
302,16924
303,17915
304,17175
305,16812
306,16788
307,16988
308,16679
309,17497
310,17806
311,16704
312,17050
313,16743
314,17546
315,17206
316,18108
317,17176
318,17496
319,17925
320,16707
321,17489
322,16016
323,16656
324,17686
325,16309
326,17581
327,16800
328,17950
329,16485
330,17334
331,16012
332,16966
333,17142
334,17379
335,17109
336,17129
337,17318
338,16074
339,17284
340,17780
341,17219
342,16861
343,17888
344,16624
345,17310
346,17853
347,16519
348,16361
349,18017
350,17109
351,17715
352,17918
353,17191
354,17935
355,16967
356,17650
357,17344
358,17844
359,16562
360,17494
361,17570
362,17536
363,16483
364,17260
365,17831
366,16569
367,18459
368,17354
369,17610
370,18263
371,17783
372,17282
373,17386
374,15653
375,17733
376,16804
377,18096
378,17413
379,18087
380,16185
381,16667
382,17195
383,17576
384,17515
385,17618
386,17967
387,18007
388,16209
389,17505
390,18142
391,17735
392,17221
393,17684
394,17508
395,16341
396,16573
397,16765
398,17337
399,18158
400,17348
401,16268
402,16682
403,17459
404,17490
405,16665
406,16230
407,16393
408,18107
409,18372
410,16154
411,16087
412,17474
413,17061
414,17576
415,17390
416,16120
417,17389
418,17081
419,17107
420,17145
421,16555
422,16904
423,17619
424,17870
425,16502
426,17135
427,17301
428,16680
429,16901
430,16229
431,17091
432,17421
433,16264
434,16697
435,18404
436,17459
437,16501
438,17179
439,17960
440,18237
441,17328
442,16911
443,16894
444,16591
445,17208
446,18224
447,17749
448,15791
449,17589
450,17632
451,16110
452,18575
453,16557
454,17818
455,17939
456,17317
457,17926
458,16832
459,17085
460,16002
461,16655
462,17865
463,16865
464,17952
465,17614
466,17802
467,16118
468,17344
469,16879
470,17847
471,18467
472,17797
473,17872
474,17967
475,17201
476,17035
477,17933
478,17924
479,16718
480,17168
481,17439
482,17195
483,17588
484,17770
485,17564
486,16023
487,17047
488,15966
489,16941
490,16694
491,17890
492,17414
493,17298
494,14888
495,16916
496,17741
497,17633
498,16070
499,16826
Iteration,LocalBest
0,45943
1,37358
2,28489
3,26073
4,23818
5,22568
6,23223
7,21623
8,22035
9,20294
10,20697
11,21101
12,20820
13,20592
14,18723
15,20202
16,20278
17,19022
18,19222
19,19875
20,19822
21,19848
22,18743
23,17953
24,18020
25,19560
26,18949
27,18412
28,18528
29,19330
30,18887
31,18329
32,18753
33,18888
34,18470
35,18137
36,17739
37,18813
38,18626
39,18510
40,19294
41,18273
42,17076
43,17828
44,18849
45,18358
46,18701
47,18017
48,19247
49,17593
50,17883
51,18253
52,17657
53,18580
54,18155
55,17520
56,18035
57,17646
58,18334
59,18279
60,18132
61,17228
62,16857
63,16900
64,17796
65,17892
66,17552
67,17444
68,17062
69,17332
70,18089
71,17817
72,17225
73,17726
74,17873
75,17826
76,17471
77,17879
78,18331
79,16881
80,17732
81,17760
82,17914
83,17595
84,17444
85,16893
86,17910
87,17438
88,17410
89,17282
90,17468
91,17192
92,17773
93,17217
94,17071
95,18243
96,17505
97,17996
98,17673
99,16917
100,17395
101,18140
102,17187
103,17568
104,18095
105,17630
106,18293
107,17827
108,16951
109,17511
110,18167
111,17518
112,18446
113,17454
114,17124
115,17283
116,17911
117,17168
118,17159
119,17747
120,16528
121,17378
122,16186
123,16949
124,17417
125,17686
126,17508
127,17395
128,17205
129,17071
130,17487
131,17124
132,17786
133,18181
134,17510
135,18302
136,17144
137,17362
138,17137
139,17507
140,18305
141,17422
142,18383
143,16233
144,17171
145,17768
146,16941
147,17769
148,17210
149,17392
150,17901
151,17770
152,17446
153,16874
154,17409
155,17889
156,17214
157,17503
158,17419
159,17727
160,17074
161,16513
162,17655
163,17599
164,18017
165,16847
166,17261
167,17667
168,16403
169,16978
170,16070
171,17587
172,16747
173,17063
174,17700
175,17696
176,16942
177,16915
178,17696
179,16796
180,17921
181,16977
182,17123
183,17802
184,16667
185,17571
186,17349
187,17036
188,17685
189,16653
190,16913
191,17327
192,16788
193,17552
194,17426
195,17813
196,17351
197,17539
198,16131
199,16489
200,17345
201,16067
202,16694
203,17405
204,17050
205,17393
206,17509
207,16269
208,16883
209,17688
210,17499
211,17277
212,17032
213,16942
214,16408
215,17545
216,16569
217,16364
218,17432
219,17645
220,17828
221,17475
222,16884
223,17383
224,17905
225,17037
226,17182
227,16829
228,17673
229,17773
230,17923
231,16350
232,16389
233,17463
234,17486
235,17169
236,17925
237,17694
238,16956
239,17439
240,16303
241,18082
242,17073
243,17037
244,18056
245,16923
246,18107
247,17312
248,17690
249,17063
250,16025
251,16873
252,16984
253,16176
254,17264
255,16872
256,17289
257,17022
258,17665
259,17002
260,17680
261,17613
262,16194
263,17435
264,16564
265,16365
266,17200
267,17735
268,17666
269,17363
270,16098
271,15876
272,17347
273,16807
274,17180
275,17544
276,17558
277,17304
278,17016
279,17421
280,16773
281,17399
282,16143
283,17286
284,17230
285,17440
286,16635
287,16688
288,16394
289,17012
290,17201
291,16939
292,17377
293,17183
294,16229
295,17043
296,17364
297,17277
298,16782
299,17145
300,17582
301,17998
302,17215
303,17894
304,17663
305,16450
306,17222
307,17263
308,16786
309,17424
310,18094
311,16947
312,16967
313,17410
314,16859
315,17204
316,17086
317,16396
318,17114
319,17382
320,17583
321,15738
322,16792
323,17030
324,16945
325,16788
326,16793
327,17014
328,17304
329,17701
330,17686
331,18347
332,17011
333,17665
334,16719
335,17141
336,16775
337,17648
338,17426
339,17075
340,17295
341,17161
342,17367
343,17150
344,17452
345,16848
346,17367
347,16670
348,17195
349,17402
350,17274
351,16925
352,16214
353,17554
354,17147
355,17474
356,17702
357,16736
358,17356
359,17311
360,16601
361,16240
362,16778
363,17180
364,17223
365,16943
366,17456
367,16648
368,17217
369,16765
370,17518
371,17249
372,17326
373,16501
374,17205
375,16314
376,17499
377,17346
378,17440
379,17771
380,15853
381,17188
382,17493
383,16742
384,17658
385,16706
386,16988
387,17212
388,16788
389,17392
390,17712
391,17492
392,16703
393,16895
394,16921
395,17645
396,17110
397,17273
398,17382
399,17789
400,16438
401,16821
402,17171
403,16701
404,17746
405,17346
406,16005
407,17403
408,17077
409,17112
410,17090
411,17433
412,17390
413,17106
414,17583
415,16617
416,17936
417,15799
418,16787
419,17078
420,16377
421,17822
422,16782
423,17586
424,17206
425,17217
426,17723
427,16326
428,15932
429,17747
430,16942
431,17490
432,17362
433,17127
434,16511
435,17181
436,16691
437,17214
438,16760
439,17477
440,16558
441,17159
442,16812
443,16529
444,16938
445,17310
446,17883
447,16765
448,17441
449,17756
450,17462
451,17589
452,17170
453,17169
454,17242
455,16913
456,17022
457,16996
458,15913
459,17493
460,17149
461,16619
462,17461
463,17084
464,17093
465,17439
466,16380
467,17089
468,16749
469,17124
470,17788
471,17422
472,16810
473,17451
474,17125
475,17636
476,16205
477,17047
478,16966
479,17147
480,16418
481,16970
482,16475
483,17315
484,17595
485,16249
486,17132
487,16640
488,16798
489,16622
490,17779
491,17360
492,16929
493,17360
494,16915
495,16770
496,16792
497,17066
498,17094
499,17661
Iteration,LocalBest
0,45884
1,33725
2,26660
3,26015
4,22529
5,21960
6,21101
7,21012
8,20639
9,20166
10,20575
11,19419
12,19427
13,19105
14,18869
15,19918
16,19443
17,19435
18,18367
19,18367
20,19037
21,18712
22,17842
23,18386
24,18512
25,18016
26,17454
27,18429
28,17794
29,18504
30,18205
31,17508
32,17071
33,17014
34,17633
35,17399
36,17573
37,17349
38,17373
39,17268
40,17878
41,17468
42,17019
43,17948
44,17392
45,17683
46,17366
47,17232
48,17750
49,17627
50,17546
51,17145
52,17761
53,17525
54,17292
55,16965
56,17583
57,17688
58,17679
59,16531
60,17183
61,16468
62,16977
63,17160
64,17077
65,16950
66,18397
67,16865
68,16762
69,17156
70,16805
71,17601
72,17486
73,18024
74,16599
75,17292
76,17245
77,17475
78,17467
79,17658
80,17232
81,17147
82,16080
83,15752
84,16748
85,16695
86,16838
87,17219
88,17248
89,16428
90,16986
91,17429
92,17039
93,16875
94,17237
95,16459
96,16605
97,17208
98,16944
99,17013
100,16561
101,17524
102,16626
103,16454
104,16857
105,17331
106,17145
107,16173
108,16760
109,16441
110,16912
111,16751
112,17221
113,17090
114,16433
115,17347
116,16875
117,16586
118,17148
119,17337
120,16385
121,17368
122,16749
123,16376
124,17119
125,16345
126,16910
127,17526
128,16086
129,15658
130,16858
131,16768
132,16673
133,16990
134,16308
135,17376
136,17002
137,17464
138,16748
139,16629
140,16296
141,16581
142,16565
143,17136
144,17104
145,16332
146,16893
147,17352
148,16708
149,16644
150,16092
151,16235
152,16922
153,16781
154,16852
155,15914
156,17128
157,16416
158,16788
159,15726
160,16995
161,16376
162,17356
163,16019
164,17568
165,16816
166,16800
167,16564
168,16926
169,16712
170,17042
